Country,City,Latitude,Longitude,Temperature,Humidity,Cloudiness,Wind Speed
ro,provita de jos,45.116667,25.65,49.87,71,0,4.83
hu,bacsbokod,46.124996,19.156207000000002,59.59,70,64,8.86
us,albany,42.6525,-73.7566667,45.63,66,90,13.87
am,nor yerznka,40.3133333,44.4047222,43.12,61,20,4.7
ru,ostashkov,57.146667,33.107534,25.57,88,88,11.99
gb,crosby,53.477778,-3.0333330000000003,45.1,87,75,14.99
gl,qasigiannguit,68.8166667,-51.1833333,23,53,56,2.93
ca,midland,44.75,-79.9,34.7,47,1,14.99
fr,narbonne,43.184416999999996,3.008816,52.38,71,92,6.93
us,rockingham,34.9391667,-79.7741667,69.21,60,1,11.41
us,azle,32.895,-97.5455556,67.44,30,1,6.93
us,independence,37.224166700000005,-95.7080556,55.06,35,1,5.82
ru,andra,62.514722,65.887778,15.85,78,68,8.75
it,tezze sul brenta,45.683333000000005,11.683333,48.11,87,75,9.17
no,stanghelle,60.55,5.733333,24.76,71,36,0.58
ro,buciumi,47.033333,23.066667000000002,51.8,81,0,2.24
in,amla,21.933332999999998,78.116667,66.7,53,0,3.6
it,fucecchio,43.733333,10.8,50.07,55,75,11.41
ro,branistea,47.166667,24.066667000000002,51.8,81,0,2.24
ru,krasnousolskiy,53.8894,56.4746,11.8,75,12,7.07
gt,el palmar,14.65,-91.583333,89.6,49,40,6.93
br,campanha,-21.833333,-45.4,84.34,48,8,4.38
ph,suyo,16.9657,120.5417,64.72,100,88,1.7
ph,mapulot,14.033,122.5399,75.79,87,68,7.74
az,aran,40.625278,46.975556,53.6,62,90,23.04
cz,povrly,50.673057,14.160201999999998,46.92,49,0,9.17
pl,mragowo,53.86666700000001,21.3,32.77,94,36,7.4
tn,manzil tamim,36.782222,10.9875,67.19,77,0,5.82
ch,oberuzwil,47.430721999999996,9.124194000000001,45.19,87,92,13.87
no,tynset,62.283333,10.783333,15.8,47,0,2.24
us,east highland park,37.5808333,-77.4072222,74.3,53,90,18.34
ru,kunashak,55.7032,61.5498,21.2,48,0,13.42
gh,axim,4.8683333,-2.2413889,83.08,97,0,10.98
ru,salavat,53.38365,55.907729,5.86,73,0,5.95
us,hamilton,46.2469444,-114.15944440000001,39.97,49,92,6.4
ph,burabod,13.2686,123.4162,72.37,100,68,3.38
ch,windisch,47.476756,8.220846,42.78,81,75,12.75
ru,revyakino,54.36516700000001,37.662494,21.34,86,56,11.99
in,mangawan,24.683332999999998,81.55,70.84,47,12,2.82
ph,boton,12.9287,124.0479,78.4,100,92,13.78
ph,loacan,16.55,120.66666699999999,64.72,100,88,1.7
us,kalamazoo,42.2916667,-85.58722220000001,41.9,35,40,6.93
ir,ardistan,33.3761,52.3694,73.81,22,24,13.44
ro,albesti,46.233333,24.85,51.8,81,12,8.05
us,moraga,37.835,-122.1286111,68,59,1,6.93
us,biloxi,30.3958333,-88.8852778,70.86,49,1,6.93
ua,aleksandriya,48.669614,33.115934,41,80,90,13.42
tz,maramba,-5.05,38.6166667,67.87,90,0,2.04
it,pompei,40.75,14.5,61,59,20,4.7
gb,yeovil,50.95,-2.6333330000000004,39.18,93,75,11.41
ru,khankala,43.302121,45.755638,35.38,100,92,3.94
de,titisee-neustadt,47.9,8.166667,42.8,87,75,9.17
de,weil der stadt,48.75,8.866667,46.4,87,75,11.41
mx,singuilucan,19.966667,-98.516667,62.74,39,0,6.73
cg,matsanga,-1.9158332999999999,12.668055599999999,77.41,81,20,1.59
au,inverell,-29.774031,151.111664,52.93,89,0,2.71
cn,xinzhou,30.866667,114.8,59,82,0,8.95
mx,el naranjo,21.466667,-98.6,86.32,32,0,12.77
ad,sant julia de loria,42.466666700000005,1.5,32.86,65,8,2.59
us,altamonte springs,28.6608333,-81.36583329999999,83.79,45,20,5.82
ru,ketovo,55.355,65.32583299999999,13.15,71,0,9.98
ph,manhoy,11.3534,122.6663,71.47,98,92,3.6
pa,san vicente de bique,8.916666699999999,-79.6833333,91.53,52,40,11.41
ph,new lucena,10.8794,122.5967,71.47,96,32,3.38
in,betul bazar,21.856111,77.9275,67.06,54,0,3.71
gt,san andres,16.966667,-89.916667,87.49,55,48,4.05
pl,ryki,51.623965999999996,21.933517000000002,42.04,88,92,2.93
id,pare,-7.6823,111.8866,69.4,100,48,2.04
co,susa,5.451899,-73.814362,62.56,80,76,1.7
hu,tat,47.741478,18.648127,51.8,100,0,9.17
ca,redwater,46.9,-79.633333,32,42,75,11.41
ph,calawag,10.668169,119.57050500000001,76.24,98,0,4.61
ru,berezovka,50.6,127.86666699999999,23,41,0,4.47
us,monticello,33.6288889,-91.7908333,59.7,51,20,4.7
us,antioch,42.4772222,-88.0955556,41.58,42,1,6.93
in,handia,25.383333,82.18333299999999,75.52,38,0,8.63
co,venecia,5.962778,-75.738056,72.36,57,75,16.11
in,udaipur,23.533333,91.483333,70.3,84,0,1.92
ru,tovarkovskiy,53.682168000000004,38.209196999999996,23.5,86,88,10.98
au,yeppoon,-23.126829,150.74406399999998,77,78,90,10.29
mq,basse-pointe,14.866666699999998,-61.1166667,82.54,83,80,13.87
in,tiruvottiyur,13.157778,80.304167,84.2,83,40,6.93
ie,ballyshannon,54.5,-8.1833333,42.22,94,80,14.79
no,lindas,60.73805600000001,5.16,33.04,85,88,2.93
de,neubiberg,48.083333,11.683333,48.51,71,0,8.05
br,simao dias,-10.733333,-37.816666999999995,81.46,70,48,10.42
ph,midsayap,7.1908330000000005,124.53027800000001,76.24,81,36,2.04
ph,san sebastian,11.71,125.018056,74.44,100,44,6.62
za,paarl,-33.733781,18.975228,64.4,77,20,11.41
pt,calendario,41.403607,-8.529671,51.8,71,20,12.75
cz,velim,50.061389,15.101479000000001,47.3,65,0,8.05
br,caapora,-7.516667,-34.9,79.88,78,90,8.05
mx,ajijic,20.3,-103.283333,77,22,20,11.41
ru,iksha,56.166667000000004,37.516667,27.39,50,0,13.42
br,corumba,-19.016667,-57.65,77,94,75,3.36
br,catende,-8.666667,-35.716667,78.49,75,76,9.86
ru,purpe,64.480278,76.689722,-3.6,63,32,10.98
ru,lokot,52.565,34.5776,30.43,92,92,14.79
nl,hardenberg,52.574315000000006,6.622013000000001,49.21,66,68,12.75
ro,arad,46.183333000000005,21.316667000000002,57.87,62,0,5.82
ro,bradeni,46.083333,24.833333,51.8,81,12,8.05
us,south gate,33.9547222,-118.2111111,70.18,77,75,14.99
ba,zeljezno polje,44.408333299999995,17.9319444,60.8,48,20,2.24
id,karangampel,-6.462222,108.451944,79.66,100,68,4.27
id,mendahara,-1.033333,103.583333,73.99,96,80,1.81
us,national city,32.67805560000001,-117.0983333,71.29,77,20,10.29
cz,veseli nad moravou,48.950888,17.382144,49.98,76,75,12.75
cl,copiapo,-27.366667,-70.333333,62.6,67,40,12.75
ru,gorno-chuyskiy,57.642778,111.721944,22.51,78,92,2.59
ru,donskoye,52.6174,38.9738,24.22,88,92,11.65
co,san calixto,8.402096,-73.207374,71.65,87,80,2.71
us,scarborough,43.578055600000006,-70.32222220000001,54.64,81,90,5.82
at,baden,48.016667,16.233333,51.06,81,0,26.4
gr,nea triglia,40.3,23.2,55.4,71,0,4.7
mx,santa barbara,26.8,-105.816667,74.62,12,0,13.33
ru,peno,56.92624,32.742625,25.57,88,88,11.99
hu,kiskore,47.5,20.5,55.4,87,0,6.93
lu,schuttrange,49.6205556,6.268611099999999,41,100,75,5.82
us,palm bay,28.0341667,-80.58888890000001,82.4,42,20,11.41
us,brainerd,46.35805560000001,-94.2005556,23.9,68,90,3.36
no,ballangen,68.335278,16.821111,30.2,80,75,10.29
ro,slobozia,43.85,25.9,53.74,72,0,4.38
gr,othonoi,39.843611100000004,19.409722199999997,60.8,72,0,6.93
fi,joutseno,61.1,28.5,21.2,67,0,1.12
ru,glebychevo,60.452903000000006,28.721394,15.4,81,0,1.92
in,pulwama,33.883333,74.916667,29.44,47,0,2.59
gr,anoixis,38.1333333,23.85,55.4,71,0,3.36
gb,prestwich,53.533333,-2.2833330000000003,44.29,81,75,10.29
br,benjamin constant,-4.374444,-70.02972199999999,80.6,78,75,4.7
pl,krosno,49.688663,21.770579,48.2,76,40,8.05
ca,oliver,49.183333000000005,-119.55,59,30,40,9.17
gt,yupiltepeque,14.2,-89.783333,91.4,33,20,4.7
it,san salvo,42.05,14.733332999999998,69.8,37,40,10.29
co,cienega,5.408669000000001,-73.295722,60.76,86,64,2.37
ie,enniscorthy,52.5008333,-6.557777799999999,41.68,88,36,9.98
us,east bethel,45.319444399999995,-93.20222220000001,35.13,64,90,4.83
ro,buciumeni,45.15,25.45,46.09,82,0,2.59
jp,kariya,34.983333,136.98333300000002,44.6,70,40,6.93
gr,kavasilas,37.8666667,21.2666667,58.5,82,20,5.82
ua,dymytrove,48.607671999999994,32.983473,41,80,90,13.42
gr,epano arkhanai,35.2333333,25.1666667,59,87,20,3.36
gr,megalokhorion,39.5594444,21.8408333,49.15,59,0,1.25
ro,fundu moldovei,47.533333,25.4,40.78,95,88,3.38
us,port huron,42.970833299999995,-82.425,37.47,51,75,9.17
ru,teguldet,57.306389,88.166667,20.8,62,68,10.98
gd,sauteurs,12.2166667,-61.6333333,82.4,78,40,11.41
us,new boston,42.976111100000004,-71.6944444,53.83,87,90,13.87
tg,kpalime,6.9,0.6333333000000001,74.89,100,64,2.37
mk,bogomila,41.59305560000001,21.4716667,59,54,0,9.17
ph,mambayaan,8.782778,124.784167,77.68,92,100,3.04
mx,pueblo nuevo,23.383333,-105.38333300000001,82.27,15,0,1.92
iq,rawah,34.468611100000004,41.9169444,61.39,39,0,7.96
ru,odesskoye,54.2111,72.9651,4.69,61,0,5.61
ws,satitoa,-13.983333300000002,-171.3666667,83.89,100,56,10.31
fr,lomme,50.643578999999995,2.987148,44.13,81,75,16.11
ua,lokhvytsya,50.367757,33.260244,37.54,95,92,13.89
jp,tomakomai,42.636944,141.60333300000002,26.6,79,20,3.36
gt,zacapa,14.966667000000001,-89.533333,78.4,67,24,2.71
us,coventry,41.7,-71.6833333,56.66,82,90,7.4
ru,industrialnyy,45.094184999999996,39.109643,41,86,75,11.18
co,san alberto,7.7610660000000005,-73.392201,73.09,67,64,0.47
it,ladispoli,41.933333000000005,12.083333,58.96,77,75,6.93
ru,novyy buyan,53.68610699999999,50.046904999999995,23,41,0,11.18
in,naravarikuppam,13.195556,80.17416700000001,84.2,83,40,6.93
ru,dikson,73.50694399999999,80.546389,-2.79,73,36,22.84
fr,ronchin,50.598832,3.09056,44.11,81,75,16.11
de,bad orb,50.216667,9.35,50,66,0,9.17
in,uri,34.083333,74.033333,39.52,58,0,1.48
ru,krasnofarfornyy,59.136403,31.850232000000002,23.59,76,0,5.5
uy,rivera,-30.9,-55.5166667,84.34,71,20,4.72
co,pacho,5.132778,-74.15977099999999,66.2,52,75,6.93
jp,toyooka,35.533333,134.833333,28.72,82,0,2.82
ro,fundulea,44.466667,26.516666999999998,56.3,54,0,1.12
tz,msanga,-6.05,36.033333299999995,66.79,92,44,3.6
ph,moalboal,9.943333,123.39916699999999,80.6,78,75,4.7
at,fohnsdorf,47.2,14.683333,44.62,87,20,2.24
in,bandora,15.4,73.966667,77.14,100,8,7.4
gr,kitros,40.375555600000006,22.5783333,55.4,71,0,4.7
cn,ziyang,30.121083000000002,104.648106,61.84,99,92,8.63
ph,minanga,17.762603,121.727649,68.41,95,48,3.6
nl,terneuzen,51.331784000000006,3.8408029999999997,43.9,93,75,5.82
ru,fatezh,52.0891,35.8632,32,95,90,11.18
gh,tarkwa,5.3,-1.9833333,83.44,75,44,5.61
cn,hede,33.768056,120.251667,51.94,92,76,7.74
li,triesenberg,47.1166667,9.5333333,46.53,87,88,13.87
ua,terebovlya,49.301873,25.709974,40.24,89,0,5.5
ca,port stanley,42.666667,-81.216667,37.4,64,90,11.41
rs,ada,45.8025,20.125833,59,62,0,6.93
au,nguiu,-11.75911,130.63815300000002,83.8,100,0,6.62
cm,akom,2.7833333,10.566666699999999,77.32,85,0,1.7
us,north laurel,39.1388889,-76.8708333,59.4,77,75,11.41
ru,novoaleksandrovsk,45.494802,41.220753,37.9,93,36,10.76
ro,borsec,46.95,25.566667000000002,42.85,88,8,3.83
fr,les clayes-sous-bois,48.822055999999996,1.986773,45.27,75,20,8.05
in,darlawn,24.016667,92.9,64.54,84,0,1.48
cn,luan,31.756944,116.49138899999998,56.62,88,0,6.17
ng,funtua,11.523252000000001,7.30813,87.13,23,12,9.19
us,reading,40.335555600000006,-75.9272222,50.2,87,90,6.93
br,coari,-4.109444,-63.138889,85.87,76,24,3.71
hu,hajduhadhaz,47.683333000000005,21.666667,53.6,87,36,8.05
ph,dubduban,12.5747,122.1138,78.13,100,88,12.77
ch,mendrisio,45.86741,8.982097,58.33,71,75,8.05
it,vietri sul mare,40.666667,14.733332999999998,61.11,59,20,4.7
br,montanhas,-6.483333,-35.3,84.2,74,40,11.41
it,carmiano,40.35,18.05,58.93,82,20,17.22
ph,masinloc,15.5363,119.9502,73.09,100,88,5.39
lv,strenci,57.6166667,25.6833333,26.83,89,24,11.32
br,diadema,-23.7,-46.616667,79.11,69,75,14.99
mx,guadalupe victoria,19.291667,-97.345833,61.57,86,76,3.15
us,kendall,25.6788889,-80.3175,80.6,54,75,13.87
cm,kumba,4.6438889,9.4386111,78.58,71,0,2.93
ua,huty,50.13322,35.343936,32.86,97,92,12.55
mx,pitiquito,30.7,-112.08333300000001,85.24,12,0,4.38
jp,kodama,36.183333000000005,139.133333,42.8,70,1,2.48
sy,safita,34.8166667,36.1166667,59,82,40,11.41
gr,plataiai,38.216666700000005,23.2666667,55.4,82,0,3.38
tr,yozgat,39.82,34.804444000000004,37.36,88,0,2.82
in,lumding,25.75,93.166667,64.09,98,12,2.15
de,landau,48.683333000000005,12.683333,49.51,71,12,10.09
ro,cermei,46.55,21.85,57.9,66,64,5.82
de,kaiserslautern,49.45,7.75,42.17,100,90,5.17
de,wesseling,50.833333,6.983333,51.22,66,75,13.87
mx,homun,20.733333,-89.283333,96.8,34,75,11.41
ph,panikihan,13.9083,122.131,75.79,87,68,7.74
co,morelia,1.487474,-75.72580699999999,81.64,75,76,3.15
rs,aleksinac,43.541667,21.707778,64.4,36,0,6.93
pk,kalabagh,32.964999,71.556973,66.97,42,0,2.37
be,lede,50.966667,3.983333,44.6,93,75,5.82
br,coronel fabriciano,-19.516667,-42.633333,83.17,64,44,4.94
in,avanigadda,16.016667,80.916667,81.01,87,36,8.19
in,yol,32.166667,76.2,43.48,23,0,1.92
it,rosolini,36.816666999999995,14.95,68.29,52,0,2.24
ca,ladysmith,48.983333,-123.816667,53.04,81,75,10.29
br,monte mor,-22.95,-47.333333,84.2,42,20,4.7
ie,clonmel,52.355,-7.703888900000001,41.86,99,92,7.18
pl,milicz,51.526373,17.276928,48.2,49,0,8.05
no,mehamn,71.033333,27.85,27.73,90,88,10.76
ru,siva,58.382041,54.38036999999999,19.54,79,56,14
ru,berikulskiy,55.532778,88.141111,19.18,70,44,13
us,las vegas,36.175,-115.1363889,74.5,17,40,3.36
ro,fizesu gherlii,47.016667,23.983333,52.47,81,0,2.24
hu,besenyotelek,47.7,20.433332999999998,55.4,87,0,6.93
us,elizabeth,40.663888899999996,-74.2111111,57.33,58,75,12.75
ru,mochishche,55.1435,82.8461,17.6,78,75,13.42
pl,nisko,50.518509,22.144659,48.2,76,40,8.05
hu,pacsa,46.719808,17.01401,50,87,0,3.36
jp,yuki,36.3,139.883333,35.6,64,20,3.36
ph,saavedra,9.973889,123.380278,78.4,97,36,6.96
ru,bamut,43.159855,45.197340000000004,32.77,100,92,3.15
dk,arhus,56.153423,10.225530000000001,33.8,80,0,1.12
mg,toliary,-23.35,43.6666667,78.49,83,0,6.4
hu,romhany,47.919296,19.263627,51.8,100,0,9.17
no,sundvollen,60.066667,10.333333,21.7,84,8,1.92
ph,tunggol,7.080833,124.753056,76.24,81,36,2.04
ph,quezon,14.0057,122.1838,75.79,87,68,7.74
nl,doorn,52.036875,5.343049,50.59,53,90,9.17
be,rijkevorsel,51.35,4.766667,45.95,81,90,10.29
hu,gyomaendrod,46.933333000000005,20.833333,57.43,87,0,6.93
in,madhyamgram,22.7,88.45,82.4,83,20,8.05
us,seabrook,42.894722200000004,-70.8716667,54.84,100,90,5.82
mx,quiroga,19.666667,-101.533333,74.32,28,40,9.17
gb,portadown,54.433333,-6.45,41,80,20,10.29
az,ucar,40.518333,47.654167,49.87,99,92,10.2
mx,irimbo,19.7,-100.479167,75.2,29,20,6.93
sv,ciudad arce,13.840277800000003,-89.44722220000001,91.4,46,40,5.82
ca,notre-dame-du-lac,47.6,-68.8,41,80,90,10.29
ph,lampitak,6.432222,125.0525,71.74,76,12,1.92
ph,pio duran,13.029283,123.444956,72.37,100,68,3.38
pg,arawa,-6.2166667,155.55,76.42,100,20,4.16
id,purwokerto,-7.421389,109.234444,70.12,95,8,2.15
tw,juifang,25.109722199999997,121.80416670000001,68,77,20,13.87
ru,severo-kurilsk,50.678889,156.125,27.19,100,80,10.76
br,imbituva,-25.2,-50.583333,74.17,89,80,2.82
ru,verkhnyaya salda,58.048742000000004,60.559493,20.71,67,56,9.42
ru,poshekhonye,58.499279,39.135306,19.36,76,0,10.2
co,paicol,2.449623,-75.775003,74.08,78,48,2.93
us,elk river,45.3038889,-93.5669444,34.52,64,90,7.29
gb,barnstaple,51.083333,-4.05,39.9,93,92,10.29
in,hindaun,26.716666999999998,77.016667,73.09,19,0,7.4
ve,goaigoaza,10.4491667,-68.0605556,89.6,52,40,6.93
br,ponte nova,-20.4,-42.9,75.34,98,56,4.38
ua,moshny,49.524209,31.743376,39.97,93,92,11.32
jp,shiraoi,42.55,141.35,26.6,79,20,3.36
ro,filipestii de targ,44.983333,25.783333,56.35,66,0,3.36
de,northeim,51.7,10.0,48.2,66,0,6.93
in,tigri,28.816667,78.15,70.39,62,0,9.75
hn,san juan de opoa,14.7833333,-88.7,81.46,62,12,2.59
zw,karoi,-16.8166667,29.683333299999997,67.69,93,24,4.38
ch,eschenbach,47.239806,8.921562,45.09,87,92,13.87
br,sao bento do sul,-26.249722,-49.3825,78.8,83,40,10.29
cn,nanjing,32.061667,118.777778,57.2,93,12,6.71
ca,kincardine,44.166667,-81.633333,31.96,100,64,13
pl,pszczyna,49.976483,18.947323,49.51,88,90,8.05
mx,nicolas bravo,18.45,-88.916667,86,66,75,11.41
pl,szprotawa,51.565553,15.536082,42.8,70,0,9.17
lt,vilkaviskis,54.6516667,23.0322222,34.12,90,24,9.42
hn,puerto lempira,15.266666699999998,-83.7666667,87.22,60,76,5.95
in,jharsuguda,21.85,84.033333,78.67,53,0,9.19
gr,farsala,39.2947222,22.3847222,55.4,82,0,4.7
br,linhares,-19.416667,-40.066666999999995,82.9,63,68,9.64
ng,ila,8.016667,4.9,83.89,55,8,4.16
mx,teitipac,16.916667,-96.6,78.8,34,40,4.7
ca,goderich,43.733333,-81.7,34.66,73,76,14.23
br,aracuai,-16.866667,-42.066666999999995,84.34,58,0,6.62
ua,lazurne,46.084001,32.529554,42.04,89,0,8.75
ro,cioroiasiu,44.083333,23.45,55.4,58,12,6.93
ro,ticvaniu mare,45.135278,21.638056,64.4,42,0,24.16
mn,darhan,46.6166667,109.41666670000001,36.01,75,8,7.52
us,belchertown,42.2769444,-72.40138890000001,53.65,76,90,10.29
ru,krechevitsy,58.617028000000005,31.40101,24.22,77,20,5.39
co,tenerife,9.900932000000001,-74.859852,90.55,76,12,3.94
us,fredericksburg,30.275,-98.8716667,70.54,37,1,9.17
hn,choluteca,13.300277800000002,-87.1908333,92.89,36,0,3.6
be,de haan,51.266667,3.0333330000000003,42.8,87,20,8.05
ca,chapais,49.783333,-74.866667,24.8,45,1,14.99
us,moultrie,31.1797222,-83.7891667,65.17,88,40,9.86
ph,cabano,10.5869,122.7002,71.47,96,32,3.38
us,collingswood,39.9180556,-75.07166670000001,57.09,87,90,13.87
nl,oisterwijk,51.583449,5.208564,47.98,71,90,11.41
br,sao sebastiao do paraiso,-20.916667,-47.0,81.1,61,88,4.5
be,hooglede,50.983333,3.083333,44.15,87,20,8.05
zm,senanga,-16.1166667,23.2666667,70.57,87,64,2.48
us,colonial park,40.3005556,-76.81,49.1,66,90,13.87
br,taguatinga,-12.465556,-46.366944000000004,85.15,59,32,7.4
am,getazat,40.03805560000001,44.563888899999995,48.2,61,20,4.7
ro,gradistea,45.266667,27.383333,52.75,79,0,5.61
ru,krasnolesnyy,51.880716,39.587716,30.2,86,90,8.95
tr,tunceli,39.108288,39.547112,50.77,47,75,12.75
ru,yaransk,57.303313,47.886113,26.29,81,64,12.88
gb,harlow,51.783333,0.166667,43.39,93,90,10.29
be,ouffet,50.433333000000005,5.466667,43.54,87,75,11.41
mx,ameca,20.55,-104.033333,80.47,28,0,3.15
ph,bato,8.6027,123.6449,71.92,99,68,1.36
ph,salvacion,15.8396,120.9159,69.22,99,88,0.69
hr,vinkovci,45.2883333,18.804722199999997,55.4,71,0,8.05
us,winona,44.05,-91.6391667,42.93,56,75,11.41
us,smyrna,33.883888899999995,-84.5144444,61.86,67,90,12.75
cz,ostrov,50.307349,12.94792,44.6,74,0,8.05
jp,hayato,31.716666999999998,130.73333300000002,42.13,95,0,2.15
in,moga,30.8,75.166667,69.49,50,0,5.39
tw,peikang,23.5733333,120.30138889999999,73.18,100,0,3.49
no,amot,59.583332999999996,8.0,17.74,70,20,2.15
bg,sadovo,42.1333333,24.9333333,51.8,87,0,4.38
tj,gafurov,40.2177778,69.725,64.4,52,12,13.42
hu,erd,47.394886,18.913605,51.8,100,0,9.17
de,morbach,49.816666999999995,7.116667,41.59,93,40,8.05
gb,tobermory,56.63333299999999,-6.0833330000000005,42.8,75,92,10.29
us,sierra madre,34.161666700000005,-118.05194440000001,70.86,77,75,14.99
jo,sirfa,31.329643,35.654394,51.8,81,40,6.93
ro,hidiselu de sus,46.95,22.05,54.3,66,48,5.82
ua,kyrylivka,46.375917,35.367528,37.9,98,8,8.19
ru,zandak,43.057105,46.455656,35.83,100,92,3.71
np,kathmandu,27.7166667,85.3166667,60.8,51,75,10.29
us,santa cruz,36.974166700000005,-122.02972220000001,70.3,56,1,3.04
nl,rijswijk,52.025498,4.310793,47.8,71,90,21.92
ph,manaring,17.172937,121.90254399999999,67.96,97,48,4.16
us,capitola,36.9752778,-121.95222220000001,70.3,56,1,3.04
us,candia,43.0777778,-71.27722220000001,54.73,81,90,11.41
ph,magbay,12.410144,121.089913,70.48,98,88,2.37
in,santoshpur,22.525278,88.265,82.4,83,20,8.05
it,cornedo vicentino,45.616667,11.333333,49.51,67,75,13.87
br,igreja nova,-10.116667,-36.65,80.83,82,100,8.63
br,loanda,-22.9,-53.166667000000004,77.14,91,88,6.62
ao,kuito,-12.383333,16.933332999999998,64.99,87,24,3.15
ru,zarubino,58.735,33.475556,18.37,75,0,7.4
pl,pyrzyce,53.145647,14.892897,33.8,74,0,6.93
in,pandoh,31.683333,77.05,49.15,38,0,5.28
in,nambutalai,9.716667,79.0,84.61,100,20,15.68
ch,ruswil,47.084253000000004,8.126446000000001,41.86,75,75,6.93
de,hohen neuendorf,52.666667000000004,13.283332999999999,43.65,56,0,9.17
in,jhabua,22.766667,74.6,73.27,37,0,4.94
in,dharmabad,18.9,77.85,72.37,34,8,7.52
hn,los tangos,15.15,-88.6833333,86,79,20,4.7
at,eisenstadt,47.85,16.516667,50.13,81,0,26.4
nl,valkenburg,50.864835,5.827774,45.55,87,90,8.05
mx,tecoman,18.913889,-103.905556,87.8,25,5,11.41
de,hauzenberg,48.65,13.633332999999999,53.6,62,20,11.41
br,matinha,-3.1,-45.033333,81.64,91,100,4.16
de,schluchtern,50.35,9.516667,46.36,69,80,9.64
ru,durgeli,42.666999,47.294349,37.4,93,90,8.95
cu,candelaria,22.7405556,-82.9611111,84.2,51,40,5.82
pe,tinyahuarco,-10.75,-76.3,59.05,64,12,3.38
it,ovada,44.633333,8.633333,57.2,93,75,23.04
ua,synevyr,48.487448,23.62575,41.5,96,88,2.59
ve,cagua,10.183333300000001,-67.45,88.3,49,40,8.05
us,owings mills,39.419444399999996,-76.7805556,58.01,81,90,13.87
gq,anisoc,1.85,10.766666699999998,77.77,91,56,3.04
de,engen,47.85,8.766667,43.61,87,92,13.87
us,union city,37.595833299999995,-122.01805559999998,67.62,59,1,6.93
ml,kidal,18.4411111,1.4077778,89.02,15,0,3.38
it,fiesole,43.8,11.283333,42.44,55,75,11.41
br,humberto de campos,-2.6166669999999996,-43.45,81.1,100,80,5.73
vn,da lat,11.933333,108.41666699999999,61.66,92,48,2.26
us,chubbuck,42.9208333,-112.4652778,57.2,33,40,24.16
in,shantipur,23.25,88.466667,82.4,83,20,8.05
to,neiafu,-18.65,-173.9833333,75.2,94,75,3.04
ro,pomezeu,46.783333,22.283333,55.4,66,48,5.82
in,bakreswar,23.883333,87.366667,73.36,69,0,9.64
ua,vesele,47.014790999999995,34.915036,38.08,78,36,8.97
ch,affoltern,47.281224,8.45346,43.74,81,75,12.75
in,kanker,20.271944,81.49305600000001,74.53,38,0,5.39
gt,chiantla,15.354722,-91.458333,64.27,95,76,2.15
pl,kety,49.87982,19.218778,49.15,76,75,5.82
ro,radaseni,47.466667,26.25,48.2,81,0,3.36
fr,meudon,48.813807000000004,2.235,44.08,91,0,5.82
it,sondrio,46.166667,9.866667,46.24,100,90,2.24
ro,blajeni,46.233333,22.9,47.44,84,56,2.26
pl,oswiecim,50.036838,19.230829,48.2,76,75,2.24
fr,creil,49.256721999999996,2.484771,44.35,81,20,3.36
in,jha jha,24.766667,86.366667,72.91,62,12,14
lt,dusetos,55.75,25.85,37.09,96,88,10.09
de,dinklage,52.65,8.116667,49.55,70,0,13.87
dk,esbjerg,55.470276,8.451869,33.82,80,32,12.75
ru,vershino-shakhtaminskiy,51.3012,117.8868,30.25,60,76,4.83
ph,titay,7.8125,122.534444,73.72,88,0,5.39
de,landsberg,48.05,10.866667,48.18,66,0,2.24
lu,elvange,49.5052778,6.316388900000001,41.92,100,75,5.82
pl,mosina,52.244194,16.851333,39.2,69,0,10.29
co,la pintada,5.748673,-75.606261,72.52,68,75,6.93
fr,joue-les-tours,47.352234,0.6690550000000001,48.2,57,88,5.82
ru,podolsk,55.424184999999994,37.554717,27.52,46,90,11.18
ua,bushtyno,48.05121,23.485785999999997,51.8,87,24,5.82
fi,mustasaari,63.11666700000001,21.716667,24.8,92,0,3.36
ph,salvacion,12.6151,125.039,79.3,100,88,13.78
br,presidente olegario,-18.416667,-46.416667,82.09,65,8,4.61
br,manoel urbano,-8.883333,-69.3,82.18,83,76,2.93
pe,tocache,-8.1841667,-76.5125,71.29,71,12,2.82
es,cambre,43.294376,-8.34736,42.64,87,75,18.34
pt,alhandra,38.92732,-9.00864,53.6,76,20,11.41
ru,danilovka,50.355732,44.116807,15.76,69,0,7.85
cf,bangui,4.366666700000001,18.5833333,75.2,88,75,4.7
de,filderstadt,48.666667,9.216667,46.4,87,75,11.41
ph,poctol,13.816667,121.433333,72.64,100,88,3.38
us,coldwater,41.9402778,-85.0005556,41.22,41,1,4.7
ph,batitang,15.4045,120.8079,73.4,94,90,4.7
ru,botlikh,42.644419,46.229669,27.1,96,92,1.7
in,murbad,19.25,73.4,82.4,74,40,8.05
ro,lucieni,44.85,25.433332999999998,56.32,66,0,3.36
rs,badovinci,44.785833000000004,19.371389,60.8,48,20,2.24
br,missao velha,-7.25,-39.133333,78.94,87,80,4.38
ph,tagcatong,9.002222,125.25694399999999,77.86,98,92,9.42
jp,okuchi,32.066666999999995,130.616667,42.13,95,0,2.15
br,sao joao dos patos,-6.5,-43.7,75.34,97,76,3.38
us,saint albans,38.3855556,-81.8363889,44.1,80,90,5.82
gb,chester,53.2,-2.916667,45,87,75,14.99
ph,san roque,10.6043,123.7441,77,88,75,5.82
gr,marathokambos,37.726388899999996,26.69,57.2,76,0,3.36
pf,faaone,-17.6666667,-149.3,84.2,74,20,4.7
es,andoain,43.220711,-2.020336,52.12,33,0,8.05
no,skjold,59.516667000000005,5.5833330000000005,36.75,55,0,10.29
de,juchen,51.1,6.5,50.34,54,75,11.41
gb,seafield,55.966667,-3.15,38.57,93,90,11.41
uz,urtaaul,41.1866667,69.14527779999999,66.2,39,0,6.93
br,santa quiteria do maranhao,-3.516667,-42.533333,82.18,88,92,3.71
jp,hekinan,34.883333,136.98333300000002,44.6,70,40,6.93
uz,ohangaron,40.906388899999996,69.6383333,66.2,39,0,6.93
ws,sapapalii,-13.683333300000001,-172.1166667,84.52,100,76,10.54
bw,tsienyane,-21.0166667,24.3333333,75.79,73,88,4.16
it,san marzano sul sarno,40.766667,14.583332999999998,61.05,59,20,4.7
ro,darmanesti,46.366667,26.483333000000002,53.6,76,0,11.41
ru,troitskiy,57.060277,63.748113000000004,15.31,80,0,9.42
gr,prinos,40.7333333,24.6166667,51.8,93,20,4.7
dk,lillerod,55.868749,12.345809,34.41,80,75,10.29
ru,pargolovo,60.05,30.316667,28.4,46,0,4.47
id,paciran,-6.866667,112.33333300000001,80.74,100,48,8.86
br,santo antonio do ica,-3.083333,-67.95,78.4,95,92,3.6
gb,coalville,52.716667,-1.366667,42.03,100,75,16.11
ru,piterka,50.680296999999996,47.445395,12.97,67,0,3.38
gr,adendron,40.6716667,22.6044444,55.4,76,0,4.7
ua,bohuslav,49.549391,30.874396,37.63,91,92,8.86
ru,izhma,65.00833100000001,53.911278,15.76,78,76,6.96
mx,bustamante,26.533333000000002,-100.5,79.21,22,0,6.4
be,lochristi,51.1,3.833333,43.88,87,90,5.82
mx,costa rica,24.5875,-107.3875,82.4,32,5,6.93
pa,san miguel,8.457222199999999,-78.9369444,80.29,88,12,8.86
ru,armizonskoye,55.946111,67.673611,11.8,75,0,10.42
ru,yerofey pavlovich,53.966667,121.96666699999999,20.26,61,12,2.59
ph,lumil,14.181683,121.013646,75.2,100,90,6.93
ph,claveria,8.61,124.894722,69.76,96,92,2.15
it,pulsano,40.383333,17.35,59,87,90,10.29
ro,domnesti,45.2,24.833333,46.63,85,0,2.71
it,partinico,38.05,13.116667000000001,64.96,37,0,19.46
ru,yugo-kamskiy,57.703977,55.594265,21.2,62,40,13.42
ph,maricaban,11.1516,123.7679,78.94,100,56,11.77
br,guiratinga,-16.35,-53.75,88.57,65,32,1.48
gr,kavos,39.383888899999995,20.1133333,60.8,67,0,6.93
ci,tabou,4.42295,-7.3528,83.62,100,12,10.2
in,rampur,28.816667,79.033333,66.79,71,0,5.17
cr,san antonio,9.983333,-84.18333299999999,79.7,45,20,17.22
cn,huaibei,33.974444,116.79166699999999,53.02,88,0,8.41
ru,zaprudnya,56.566667,37.433333000000005,28.4,50,0,13.42
ml,koutiala,12.383333300000002,-5.4666667,97.66,28,20,6.96
gr,palaiomonastiron,39.4625,21.6586111,49.15,59,0,1.25
co,carcasi,6.627114,-72.626249,59.14,87,56,1.36
ph,quinapondan,11.158333,125.52194399999999,75.52,98,76,8.19
ro,motca,47.25,26.616667,48.2,81,0,3.36
ph,santa ana,15.0955,120.76700000000001,74.03,94,90,4.7
us,spencer,43.141388899999995,-95.1441667,43.27,65,75,11.41
ph,balagunan,7.492222,125.521111,77,83,75,3.36
de,stadthagen,52.316666999999995,9.2,48.67,65,0,16.11
